{"cameraMode":{"drawMode":0,"name":"Shaded","section":"Shading Mode"},"sceneLighting":false,"audioPlay":false,"sceneViewState":{"showFog":true,"showMaterialUpdate":false,"showSkybox":false,"showFlares":true,"showImageEffects":true,"showParticleSystems":true},"in2DMode":false,"pivot":{"x":5.818324565887451,"y":0.3113279938697815,"z":-15.500335693359375},"rotation":{"x":-0.07195033878087998,"y":0.005081552546471357,"z":-0.00039928799378685653,"w":-0.9974491596221924},"size":6.749094009399414,"orthographic":false}