{"cameraMode":{"drawMode":0,"name":"Shaded","section":"Shading Mode"},"sceneLighting":false,"audioPlay":false,"sceneViewState":{"showFog":true,"showMaterialUpdate":false,"showSkybox":false,"showFlares":true,"showImageEffects":true,"showParticleSystems":true},"in2DMode":false,"pivot":{"x":11.341228485107422,"y":0.5284724235534668,"z":-88.77156066894531},"rotation":{"x":0.16943734884262086,"y":-0.04286206513643265,"z":0.007368417922407389,"w":0.9846475720405579},"size":7.094358921051025,"orthographic":false}